{"errors":[],"warnings":[],"namedChunkGroups":{"app":{"chunks":[4,0],"assets":["webpack-runtime-d465aa7db1f4cb301996.js","webpack-runtime-d465aa7db1f4cb301996.js.map","app-2e196c218d6d47235532.js","app-2e196c218d6d47235532.js.map"],"children":{},"childAssets":{}},"component---src-pages-index-js":{"chunks":[3,1],"assets":["3.54354a499fafe98217f4.css","3-f3decaadaf6529384097.js","3.54354a499fafe98217f4.css.map","3-f3decaadaf6529384097.js.map","component---src-pages-index-js-86e2e3c6d7a71e683bba.js","component---src-pages-index-js-86e2e3c6d7a71e683bba.js.map"],"children":{},"childAssets":{}}},"assetsByChunkName":{"app":["webpack-runtime-d465aa7db1f4cb301996.js","app-2e196c218d6d47235532.js"],"component---src-pages-index-js":["3.54354a499fafe98217f4.css","3-f3decaadaf6529384097.js","component---src-pages-index-js-86e2e3c6d7a71e683bba.js"]}}